{
  "per_label": {
    "B-art": {
      "precision": 0.0,
      "recall": 0.0,
      "f1": 0.0,
      "support": 171
    },
    "B-eve": {
      "precision": 0.0,
      "recall": 0.0,
      "f1": 0.0,
      "support": 236
    },
    "B-geo": {
      "precision": 0.018867924528301886,
      "recall": 0.010526315789473684,
      "f1": 0.013513513513513513,
      "support": 380
    },
    "B-gpe": {
      "precision": 0.05263157894736842,
      "recall": 0.035398230088495575,
      "f1": 0.042328042328042326,
      "support": 113
    },
    "B-nat": {
      "precision": 0.0,
      "recall": 0.0,
      "f1": 0.0,
      "support": 723
    },
    "B-org": {
      "precision": 0.008064516129032258,
      "recall": 0.004694835680751174,
      "f1": 0.005934718100890208,
      "support": 213
    },
    "B-per": {
      "precision": 0.0,
      "recall": 0.0,
      "f1": 0.0,
      "support": 272
    },
    "B-tim": {
      "precision": 0.009259259259259259,
      "recall": 0.0014084507042253522,
      "f1": 0.0024449877750611247,
      "support": 710
    },
    "I-art": {
      "precision": 0.0,
      "recall": 0.0,
      "f1": 0.0,
      "support": 108
    },
    "I-eve": {
      "precision": 0.0,
      "recall": 0.0,
      "f1": 0.0,
      "support": 245
    },
    "I-geo": {
      "precision": 0.023809523809523808,
      "recall": 0.0012953367875647669,
      "f1": 0.002457002457002457,
      "support": 772
    },
    "I-gpe": {
      "precision": 0.5,
      "recall": 0.0026954177897574125,
      "f1": 0.005361930294906166,
      "support": 371
    },
    "I-nat": {
      "precision": 0.0,
      "recall": 0.0,
      "f1": 0.0,
      "support": 430
    },
    "I-org": {
      "precision": 0.009615384615384616,
      "recall": 0.005555555555555556,
      "f1": 0.007042253521126761,
      "support": 180
    },
    "I-per": {
      "precision": 0.035398230088495575,
      "recall": 0.03278688524590164,
      "f1": 0.03404255319148936,
      "support": 122
    },
    "I-tim": {
      "precision": 0.0,
      "recall": 0.0,
      "f1": 0.0,
      "support": 244
    }
  },
  "overall": {
    "precision": 0.018558951965065504,
    "recall": 0.0032136105860113423,
    "f1": 0.0054785691266516275,
    "true_positives": 17,
    "false_positives": 899,
    "false_negatives": 5273
  }
}