{
    "B-art": {
        "precision": 0.0,
        "recall": 0,
        "f1": 0
    },
    "B-eve": {
        "precision": 0.0,
        "recall": 0.0,
        "f1": 0
    },
    "B-geo": {
        "precision": 0.0,
        "recall": 0.0,
        "f1": 0
    },
    "B-gpe": {
        "precision": 0.0,
        "recall": 0.0,
        "f1": 0
    },
    "B-nat": {
        "precision": 0.0,
        "recall": 0.0,
        "f1": 0
    },
    "B-org": {
        "precision": 0.01282051282051282,
        "recall": 0.008064516129032258,
        "f1": 0.009900990099009901
    },
    "B-per": {
        "precision": 0.0064516129032258064,
        "recall": 0.010309278350515464,
        "f1": 0.007936507936507936
    },
    "B-tim": {
        "precision": 0.01694915254237288,
        "recall": 0.009259259259259259,
        "f1": 0.011976047904191616
    },
    "I-art": {
        "precision": 0.0,
        "recall": 0,
        "f1": 0
    },
    "I-eve": {
        "precision": 0.001658374792703151,
        "recall": 0.25,
        "f1": 0.0032948929159802307
    },
    "I-geo": {
        "precision": 0.0,
        "recall": 0.0,
        "f1": 0
    },
    "I-gpe": {
        "precision": 0.0,
        "recall": 0.0,
        "f1": 0
    },
    "I-nat": {
        "precision": 0.0,
        "recall": 0,
        "f1": 0
    },
    "I-org": {
        "precision": 0.01486988847583643,
        "recall": 0.038461538461538464,
        "f1": 0.021447721179624665
    },
    "I-per": {
        "precision": 0.0,
        "recall": 0.0,
        "f1": 0
    },
    "I-tim": {
        "precision": 0.0,
        "recall": 0.0,
        "f1": 0
    },
    "overall": {
        "precision": 0.001675392670157068,
        "recall": 0.008733624454148471,
        "f1": 0.0028114566859954314
    }
}