{
  "per_label": {
    "B-art": {
      "precision": 0.023255813953488372,
      "recall": 0.0004297378599054577,
      "f1": 0.0008438818565400843,
      "support": 4654
    },
    "B-eve": {
      "precision": 0.03333333333333333,
      "recall": 0.0002904443799012489,
      "f1": 0.0005758710048949035,
      "support": 6886
    },
    "B-geo": {
      "precision": 0.0032620041753653444,
      "recall": 0.0019161493063539511,
      "f1": 0.002414176041716962,
      "support": 13047
    },
    "B-gpe": {
      "precision": 0.03244094488188976,
      "recall": 0.011070507308684438,
      "f1": 0.016507732991425595,
      "support": 9304
    },
    "B-nat": {
      "precision": 0.2,
      "recall": 0.0006551791915088776,
      "f1": 0.0013060798014758702,
      "support": 15263
    },
    "B-org": {
      "precision": 0.01712241247124968,
      "recall": 0.005808912779608115,
      "f1": 0.008674823590341168,
      "support": 11534
    },
    "B-per": {
      "precision": 0.01209796400118029,
      "recall": 0.003556557945870923,
      "f1": 0.005497083864047731,
      "support": 11528
    },
    "B-tim": {
      "precision": 0.006421338602123981,
      "recall": 0.0045920169551395265,
      "f1": 0.00535475234270415,
      "support": 5662
    },
    "I-art": {
      "precision": 0.06896551724137931,
      "recall": 0.0003718163227365681,
      "f1": 0.0007396449704142011,
      "support": 10758
    },
    "I-eve": {
      "precision": 0.09433962264150944,
      "recall": 0.00026656714826464784,
      "f1": 0.000531632110579479,
      "support": 18757
    },
    "I-geo": {
      "precision": 0.0020689655172413794,
      "recall": 0.0002498750624687656,
      "f1": 0.00044589774078478004,
      "support": 12006
    },
    "I-gpe": {
      "precision": 0.05128205128205128,
      "recall": 0.00023097355352812103,
      "f1": 0.0004598758335249483,
      "support": 8659
    },
    "I-nat": {
      "precision": 0.08333333333333333,
      "recall": 9.68429207824908e-05,
      "f1": 0.0001934610176049526,
      "support": 10326
    },
    "I-org": {
      "precision": 0.0018099547511312218,
      "recall": 0.0003851585569392733,
      "f1": 0.0006351558778383528,
      "support": 15578
    },
    "I-per": {
      "precision": 0.010159651669085631,
      "recall": 0.0018820239823627467,
      "f1": 0.0031757553761001724,
      "support": 18597
    },
    "I-tim": {
      "precision": 0.011538461538461539,
      "recall": 0.002642706131078224,
      "f1": 0.00430045871559633,
      "support": 5676
    }
  },
  "overall": {
    "precision": 0.010824131262087467,
    "recall": 0.0019468678991219456,
    "f1": 0.003300157399437927,
    "true_positives": 347,
    "false_positives": 31711,
    "false_negatives": 177888
  }
}